{
	"partitions" : [
		{
			"name" : "Top",
			"pins" : [
				{
					"name" : "Cy",
					"strict" : false
				},
				{
					"name" : "S",
					"strict" : false
				},
				{
					"name" : "Z",
					"strict" : false
				},
				{
					"name" : "V",
					"strict" : false
				},
				{
					"name" : "C3",
					"strict" : false
				},
				{
					"name" : "C2",
					"strict" : false
				},
				{
					"name" : "C1",
					"strict" : false
				},
				{
					"name" : "C0",
					"strict" : false
				},
				{
					"name" : "CLOCK",
					"strict" : false
				},
				{
					"name" : "CLEAR",
					"strict" : false
				},
				{
					"name" : "S2",
					"strict" : false
				},
				{
					"name" : "B3",
					"strict" : false
				},
				{
					"name" : "S1",
					"strict" : false
				},
				{
					"name" : "A3",
					"strict" : false
				},
				{
					"name" : "B2",
					"strict" : false
				},
				{
					"name" : "A2",
					"strict" : false
				},
				{
					"name" : "B1",
					"strict" : false
				},
				{
					"name" : "A1",
					"strict" : false
				},
				{
					"name" : "B0",
					"strict" : false
				},
				{
					"name" : "A0",
					"strict" : false
				},
				{
					"name" : "S0",
					"strict" : false
				},
				{
					"name" : "S3",
					"strict" : false
				}
			]
		}
	]
}